<?xml version="1.0" encoding="UTF-8"?>
<Configuration status="INFO">
    <Appenders>
        <Console name="console" target="SYSTEM_OUT">
            <PatternLayout pattern="[%-5level] %c{1} - %msg%n"/>
        </Console>
        <RollingFile
                name="application"
                fileName="${env:MODEL_SERVER_HOME}/logs/serving.log"
                filePattern="${env:MODEL_SERVER_HOME}/logs/serving.%d{dd-MMM}-%i.log.gz"
                ignoreExceptions="false">
            <PatternLayout>
                <Pattern>[%-5level] %d{yyyy-MM-dd HH:mm:ss} %c{1} - %m%n</Pattern>
            </PatternLayout>
            <Policies>
                <OnStartupTriggeringPolicy/>
                <SizeBasedTriggeringPolicy size="10 MB"/>
                <TimeBasedTriggeringPolicy/>
            </Policies>
            <DefaultRolloverStrategy max="5"/>
        </RollingFile>
        <RollingFile
                name="access"
                fileName="${env:MODEL_SERVER_HOME}/logs/access.log"
                filePattern="${env:MODEL_SERVER_HOME}/logs/access.%d{dd-MMM}-%i.log.gz"
                ignoreExceptions="false">
            <PatternLayout>
                <Pattern>%d{yyyy-MM-dd HH:mm:ss} %m%n</Pattern>
            </PatternLayout>
            <Policies>
                <OnStartupTriggeringPolicy/>
                <SizeBasedTriggeringPolicy size="10 MB"/>
                <TimeBasedTriggeringPolicy/>
            </Policies>
            <DefaultRolloverStrategy max="5"/>
        </RollingFile>
        <Prometheus name="prometheus"/>
    </Appenders>
    <Loggers>
        <Root level="info" additivity="false" includeLocation="false">
            <AppenderRef ref="console"/>
            <AppenderRef ref="application"/>
        </Root>
        <Logger name="ai.djl" level="${sys:ai.djl.logging.level:-info}" additivity="false"
                includeLocation="false">
            <AppenderRef ref="console"/>
            <AppenderRef ref="application"/>
        </Logger>
        <Logger name="ACCESS_LOG" level="info" additivity="false" includeLocation="false">
            <AppenderRef ref="access"/>
        </Logger>
        <Logger name="server_metric" level="info" additivity="false" includeLocation="false">
            <AppenderRef ref="console"/>
            <AppenderRef ref="prometheus"/>
        </Logger>
        <Logger name="model_metric" level="info" additivity="false" includeLocation="false">
            <AppenderRef ref="console"/>
            <AppenderRef ref="prometheus"/>
        </Logger>
    </Loggers>
</Configuration>
